"Freq [GHz]","dB(St(1,1)) []"
2.5,-0.0755896685704308
2.50125,-0.0756527597044376
2.5025,-0.0757160545251889
2.50375,-0.0757795540798143
2.505,-0.0758432594187533
2.50625,-0.0759071715957605
2.5075,-0.0759712916679394
2.50875,-0.0760356206957492
2.51,-0.0761001597430351
2.51125,-0.0761649098770416
2.5125,-0.0762298721684444
2.51375,-0.0762950476913582
2.515,-0.0763604375233649
2.51625,-0.0764260427455367
2.5175,-0.0764918644424538
2.51875,-0.0765579037022232
2.52,-0.0766241616165085
2.52125,-0.0766906392805429
2.5225,-0.0767573377931577
2.52375,-0.0768242582568035
2.525,-0.0768914017775636
2.52625,-0.076958769465191
2.5275,-0.0770263624331135
2.52875,-0.0770941817984761
2.53,-0.0771622286821438
2.53125,-0.0772305042087378
2.5325,-0.077299009506657
2.53375,-0.077367745708092
2.535,-0.0774367139490548
2.53625,-0.0775059153694075
2.5375,-0.0775753511128775
2.53875,-0.077645022327078
2.54,-0.0777149301635428
2.54125,-0.0777850757777454
2.5425,-0.0778554603291166
2.54375,-0.0779260849810803
2.545,-0.0779969509010703
2.54625,-0.0780680592605476
2.5475,-0.0781394112350474
2.54875,-0.0782110080041805
2.55,-0.078282850751671
2.55125,-0.0783549406653772
2.5525,-0.0784272789373141
2.55375,-0.0784998667636926
2.555,-0.0785727053449212
2.55625,-0.0786457958856537
2.5575,-0.0787191395948041
2.55875,-0.0787927376855697
2.56,-0.0788665913754743
2.56125,-0.0789407018863716
2.5625,-0.079015070444482
2.56375,-0.0790896982804279
2.565,-0.0791645866292472
2.56625,-0.0792397367304237
2.5675,-0.079315149827921
2.56875,-0.0793908271701976
2.57,-0.0794667700102434
2.57125,-0.0795429796056104
2.5725,-0.0796194572184292
2.57375,-0.0796962041154432
2.575,-0.0797732215680408
2.57625,-0.0798505108522718
2.5775,-0.0799280732488919
2.57875,-0.0800059100433759
2.58,-0.0800840225259531
2.58125,-0.0801624119916465
2.5825,-0.0802410797402782
2.58375,-0.08032002707652
2.585,-0.0803992553099163
2.58625,-0.080478765754909
2.5875,-0.080558559730872
2.58875,-0.0806386385621475
2.59,-0.0807190035780578
2.59125,-0.0807996561129577
2.5925,-0.0808805975062459
2.59375,-0.0809618291024155
2.595,-0.0810433522510639
2.59625,-0.081125168306941
2.5975,-0.0812072786299723
2.59875,-0.0812896845852897
2.6,-0.0813723875432726
2.60125,-0.0814553888795681
2.6025,-0.0815386899751297
2.60375,-0.0816222922162475
2.605,-0.0817061969945836
2.60625,-0.0817904057072053
2.6075,-0.0818749197566108
2.60875,-0.0819597405507759
2.61,-0.0820448695031706
2.61125,-0.0821303080328069
2.6125,-0.0822160575642637
2.61375,-0.0823021195277336
2.615,-0.0823884953590399
2.61625,-0.0824751864996827
2.6175,-0.082562194396868
2.61875,-0.0826495205035517
2.62,-0.0827371662784624
2.62125,-0.0828251331861499
2.6225,-0.0829134226970088
2.62375,-0.083002036287319
2.625,-0.0830909754392885
2.62625,-0.0831802416410784
2.6275,-0.0832698363868517
2.62875,-0.0833597611767985
2.63,-0.0834500175171775
2.63125,-0.0835406069203602
2.6325,-0.0836315309048594
2.63375,-0.0837227909953687
2.635,-0.0838143887228068
2.63625,-0.0839063256243412
2.6375,-0.0839986032434556
2.63875,-0.0840912231299497
2.64,-0.0841841868400138
2.64125,-0.0842774959362443
2.6425,-0.0843711519876961
2.64375,-0.0844651565699202
2.645,-0.0845595112650001
2.64625,-0.0846542176615909
2.6475,-0.0847492773549713
2.64875,-0.0848446919470733
2.65,-0.0849404630465244
2.65125,-0.0850365922686964
2.6525,-0.0851330812357373
2.65375,-0.0852299315766282
2.655,-0.0853271449272036
2.65625,-0.0854247229302177
2.6575,-0.0855226672353709
2.65875,-0.0856209794993548
2.66,-0.0857196613859084
2.66125,-0.085818714565849
2.6625,-0.0859181407171136
2.66375,-0.0860179415248208
2.665,-0.0861181186812992
2.66625,-0.0862186738861322
2.6675,-0.0863196088462216
2.66875,-0.0864209252758061
2.67,-0.0865226248965349
2.67125,-0.086624709437491
2.6725,-0.0867271806352508
2.67375,-0.0868300402339235
2.675,-0.0869332899852148
2.67625,-0.087036931648446
2.6775,-0.087140966990626
2.67875,-0.0872453977864922
2.68,-0.08735022581855
2.68125,-0.0874554528771407
2.6825,-0.0875610807604708
2.68375,-0.0876671112746703
2.685,-0.0877735462338468
2.68625,-0.0878803874601297
2.6875,-0.087987636783721
2.68875,-0.0880952960429454
2.69,-0.0882033670843068
2.69125,-0.0883118517625354
2.6925,-0.0884207519406377
2.69375,-0.088530069489956
2.695,-0.0886398062902184
2.69625,-0.0887499642295805
2.6975,-0.0888605452046958
2.69875,-0.0889715511207579
2.7,-0.0890829838915658
2.70125,-0.0891948454395639
2.7025,-0.0893071376959041
2.70375,-0.0894198626005084
2.705,-0.0895330221021053
2.70625,-0.0896466181583101
2.7075,-0.0897606527356577
2.70875,-0.0898751278096805
2.71,-0.0899900453649462
2.71125,-0.0901054073951326
2.7125,-0.090221215903073
2.71375,-0.0903374729008191
2.715,-0.090454180409709
2.71625,-0.090571340460402
2.7175,-0.090688955092962
2.71875,-0.0908070263569141
2.72,-0.0909255563112917
2.72125,-0.0910445470247104
2.7225,-0.0911640005754217
2.72375,-0.0912839190513799
2.725,-0.0914043045503059
2.72625,-0.0915251591797401
2.7275,-0.0916464850571135
2.72875,-0.0917682843098101
2.73,-0.0918905590752324
2.73125,-0.0920133115008584
2.7325,-0.0921365437443158
2.73375,-0.0922602579734437
2.735,-0.0923844563663549
2.73625,-0.0925091411115064
2.7375,-0.0926343144077654
2.73875,-0.0927599784644798
2.74,-0.0928861355015324
2.74125,-0.0930127877494339
2.7425,-0.0931399374493648
2.74375,-0.0932675868532641
2.745,-0.0933957382238802
2.74625,-0.0935243938348697
2.7475,-0.0936535559708398
2.74875,-0.0937832269274303
2.75,-0.0939134090113898
2.75125,-0.0940441045406433
2.7525,-0.0941753158443616
2.75375,-0.0943070452630482
2.755,-0.0944392951485933
2.75625,-0.094572067864363
2.7575,-0.0947053657852676
2.75875,-0.0948391912978438
2.76,-0.094973546800323
2.76125,-0.0951084347027094
2.7625,-0.095243857426861
2.76375,-0.0953798174065703
2.765,-0.0955163170876238
2.76625,-0.0956533589279114
2.7675,-0.0957909453974729
2.76875,-0.0959290789786046
2.77,-0.0960677621659273
2.77125,-0.096206997466467
2.7725,-0.0963467873997399
2.77375,-0.0964871344978384
2.775,-0.0966280413055026
2.77625,-0.0967695103802177
2.7775,-0.0969115442922867
2.77875,-0.0970541456249279
2.78,-0.0971973169743447
2.78125,-0.0973410609498203
2.7825,-0.0974853801738147
2.78375,-0.0976302772820244
2.785,-0.0977757549235042
2.78625,-0.0979218157607272
2.7875,-0.0980684624696925
2.78875,-0.0982156977400128
2.79,-0.0983635242749877
2.79125,-0.0985119447917263
2.7925,-0.0986609620212081
2.79375,-0.0988105787083971
2.795,-0.0989607976123248
2.79625,-0.0991116215061861
2.7975,-0.0992630531774398
2.79875,-0.0994150954278989
2.8,-0.099567751073824
2.80125,-0.0997210229460294
2.8025,-0.099874913889972
2.80375,-0.100029426765855
2.805,-0.100184564448727
2.80625,-0.100340329828581
2.8075,-0.100496725810458
2.80875,-0.100653755314535
2.81,-0.100811421276248
2.81125,-0.100969726646385
2.8125,-0.101128674391188
2.81375,-0.101288267492458
2.815,-0.101448508947665
2.81625,-0.101609401770051
2.8175,-0.10177094898874
2.81875,-0.101933153648837
2.82,-0.102096018811553
2.82125,-0.102259547554302
2.8225,-0.102423742970809
2.82375,-0.102588608171233
2.825,-0.102754146282275
2.82625,-0.102920360447284
2.8275,-0.103087253826377
2.82875,-0.103254829596558
2.83,-0.103423090951822
2.83125,-0.103592041103284
2.8325,-0.103761683279288
2.83375,-0.103932020725524
2.835,-0.104103056705162
2.83625,-0.104274794498954
2.8375,-0.104447237405364
2.83875,-0.104620388740688
2.84,-0.104794251839185
2.84125,-0.104968830053187
2.8425,-0.105144126753229
2.84375,-0.105320145328189
2.845,-0.105496889185392
2.84625,-0.105674361750754
2.8475,-0.105852566468907
2.84875,-0.106031506803324
2.85,-0.106211186236462
2.85125,-0.10639160826988
2.8525,-0.106572776424375
2.85375,-0.10675469424013
2.855,-0.106937365276836
2.85625,-0.107120793113822
2.8575,-0.107304981350213
2.85875,-0.107489933605047
2.86,-0.107675653517436
2.86125,-0.107862144746692
2.8625,-0.108049410972459
2.86375,-0.108237455894887
2.865,-0.108426283234745
2.86625,-0.108615896733592
2.8675,-0.108806300153901
2.86875,-0.108997497279213
2.87,-0.109189491914303
2.87125,-0.1093822878853
2.8725,-0.109575889039867
2.87375,-0.109770299247332
2.875,-0.109965522398854
2.87625,-0.110161562407576
2.8775,-0.110358423208771
2.87875,-0.11055610876001
2.88,-0.110754623041327
2.88125,-0.110953970055355
2.8825,-0.111154153827517
2.88375,-0.11135517840616
2.885,-0.111557047862739
2.88625,-0.111759766291972
2.8875,-0.111963337812015
2.88875,-0.112167766564621
2.89,-0.112373056715312
2.89125,-0.112579212453549
2.8925,-0.112786237992913
2.89375,-0.112994137571265
2.895,-0.113202915450925
2.89625,-0.113412575918855
2.8975,-0.113623123286824
2.89875,-0.113834561891606
2.9,-0.114046896095139
2.90125,-0.114260130284723
2.9025,-0.114474268873193
2.90375,-0.114689316299117
2.905,-0.114905277026967
2.90625,-0.115122155547323
2.9075,-0.115339956377045
2.90875,-0.115558684059481
2.91,-0.115778343164653
2.91125,-0.115998938289452
2.9125,-0.116220474057828
2.91375,-0.116442955121003
2.915,-0.116666386157651
2.91625,-0.116890771874118
2.9175,-0.117116117004609
2.91875,-0.117342426311404
2.92,-0.117569704585061
2.92125,-0.117797956644613
2.9225,-0.118027187337801
2.92375,-0.118257401541258
2.925,-0.118488604160749
2.92625,-0.118720800131362
2.9275,-0.118953994417743
2.92875,-0.1191881920143
2.93,-0.11942339794544
2.93125,-0.119659617265775
2.9325,-0.119896855060356
2.93375,-0.1201351164449
2.935,-0.120374406566009
2.93625,-0.120614730601411
2.9375,-0.120856093760178
2.93875,-0.121098501282978
2.94,-0.121341958442302
2.94125,-0.121586470542691
2.9425,-0.121832042920999
2.94375,-0.122078680946614
2.945,-0.122326390021714
2.94625,-0.122575175581512
2.9475,-0.122825043094498
2.94875,-0.123075998062696
2.95,-0.123328046021911
2.95125,-0.123581192541999
2.9525,-0.123835443227097
2.95375,-0.124090803715901
2.955,-0.124347279681933
2.95625,-0.124604876833791
2.9575,-0.124863600915409
2.95875,-0.125123457706353
2.96,-0.12538445302206
2.96125,-0.125646592714135
2.9625,-0.125909882670617
2.96375,-0.126174328816247
2.965,-0.126439937112771
2.96625,-0.126706713559197
2.9675,-0.126974664192106
2.96875,-0.127243795085911
2.97,-0.127514112353177
2.97125,-0.127785622144889
2.9725,-0.128058330650763
2.97375,-0.128332244099535
2.975,-0.128607368759267
2.97625,-0.128883710937649
2.9775,-0.129161276982297
2.97875,-0.129440073281078
2.98,-0.129720106262404
2.98125,-0.130001382395557
2.9825,-0.130283908191002
2.98375,-0.130567690200704
2.985,-0.130852735018461
2.98625,-0.131139049280208
2.9875,-0.131426639664374
2.98875,-0.13171551289219
2.99,-0.132005675728027
2.99125,-0.132297134979749
2.9925,-0.132589897499032
2.99375,-0.132883970181721
2.995,-0.133179359968168
2.99625,-0.133476073843588
2.9975,-0.133774118838408
2.99875,-0.13407350202862
3,-0.134374230536152
3.00125,-0.13467631152921
3.0025,-0.134979752222659
3.00375,-0.135284559878394
3.005,-0.135590741805695
3.00625,-0.135898305361617
3.0075,-0.136207257951369
3.00875,-0.136517607028685
3.01,-0.136829360096218
3.01125,-0.13714252470593
3.0125,-0.137457108459486
3.01375,-0.137773119008636
3.015,-0.138090564055638
3.01625,-0.138409451353648
3.0175,-0.138729788707118
3.01875,-0.139051583972233
3.02,-0.139374845057304
3.02125,-0.139699579923193
3.0225,-0.140025796583739
3.02375,-0.140353503106184
3.025,-0.140682707611596
3.02625,-0.141013418275318
3.0275,-0.141345643327387
3.02875,-0.141679391052995
3.03,-0.142014669792922
3.03125,-0.142351487943994
3.0325,-0.142689853959542
3.03375,-0.143029776349842
3.035,-0.143371263682611
3.03625,-0.143714324583436
3.0375,-0.144058967736282
3.03875,-0.144405201883942
3.04,-0.144753035828534
3.04125,-0.145102478431979
3.0425,-0.145453538616493
3.04375,-0.145806225365087
3.045,-0.146160547722056
3.04625,-0.146516514793484
3.0475,-0.146874135747774
3.04875,-0.147233419816129
3.05,-0.147594376293096
3.05125,-0.147957014537075
3.0525,-0.148321343970858
3.05375,-0.148687374082152
3.055,-0.149055114424125
3.05625,-0.149424574615948
3.0575,-0.149795764343347
3.05875,-0.150168693359144
3.06,-0.150543371483833
3.06125,-0.150919808606136
3.0625,-0.151298014683576
3.06375,-0.151677999743046
3.065,-0.152059773881399
3.06625,-0.152443347266037
3.0675,-0.152828730135489
3.06875,-0.153215932800021
3.07,-0.153604965642234
3.07125,-0.153995839117685
3.0725,-0.154388563755487
3.07375,-0.154783150158932
3.075,-0.155179609006138
3.07625,-0.15557795105066
3.0775,-0.155978187122147
3.07875,-0.156380328126965
3.08,-0.156784385048879
3.08125,-0.157190368949692
3.0825,-0.157598290969919
3.08375,-0.158008162329443
3.085,-0.158419994328227
3.08625,-0.158833798346957
3.0875,-0.159249585847766
3.08875,-0.159667368374923
3.09,-0.160087157555524
3.09125,-0.160508965100233
3.0925,-0.160932802803974
3.09375,-0.161358682546673
3.095,-0.161786616293986
3.09625,-0.162216616098042
3.0975,-0.162648694098194
3.09875,-0.163082862521771
3.1,-0.16351913368484
3.10125,-0.163957519992979
3.1025,-0.16439803394206
3.10375,-0.164840688119029
3.105,-0.165285495202701
3.10625,-0.165732467964568
3.1075,-0.166181619269604
3.10875,-0.16663296207708
3.11,-0.167086509441404
3.11125,-0.167542274512941
3.1125,-0.168000270538865
3.11375,-0.168460510864009
3.115,-0.168923008931729
3.11625,-0.169387778284763
3.1175,-0.169854832566124
3.11875,-0.170324185519971
3.12,-0.170795850992519
3.12125,-0.171269842932937
3.1225,-0.171746175394261
3.12375,-0.172224862534324
3.125,-0.172705918616684
3.12625,-0.173189358011569
3.1275,-0.173675195196827
3.12875,-0.174163444758893
3.13,-0.174654121393754
3.13125,-0.175147239907941
3.1325,-0.175642815219505
3.13375,-0.176140862359038
3.135,-0.176641396470674
3.13625,-0.177144432813121
3.1375,-0.177649986760679
3.13875,-0.178158073804304
3.14,-0.17866870955265
3.14125,-0.179181909733138
3.1425,-0.179697690193038
3.14375,-0.180216066900556
3.145,-0.18073705594593
3.14625,-0.18126067354254
3.1475,-0.181786936028049
3.14875,-0.182315859865511
3.15,-0.182847461644533
3.15125,-0.183381758082442
3.1525,-0.183918766025437
3.15375,-0.184458502449783
3.155,-0.185000984463012
3.15625,-0.185546229305117
3.1575,-0.186094254349787
3.15875,-0.186645077105635
3.16,-0.187198715217447
3.16125,-0.187755186467444
3.1625,-0.188314508776547
3.16375,-0.188876700205682
3.165,-0.189441778957062
3.16625,-0.190009763375518
3.1675,-0.190580671949823
3.16875,-0.191154523314029
3.17,-0.191731336248835
3.17125,-0.192311129682954
3.1725,-0.192893922694503
3.17375,-0.193479734512401
3.175,-0.194068584517792
3.17625,-0.19466049224547
3.1775,-0.195255477385349
3.17875,-0.195853559783886
3.18,-0.196454759445606
3.18125,-0.197059096534569
3.1825,-0.197666591375886
3.18375,-0.198277264457264
3.185,-0.198891136430522
3.18625,-0.199508228113188
3.1875,-0.200128560490053
3.18875,-0.200752154714772
3.19,-0.201379032111491
3.19125,-0.202009214176457
3.1925,-0.202642722579691
3.19375,-0.203279579166639
3.195,-0.203919805959864
3.19625,-0.204563425160756
3.1975,-0.20521045915125
3.19875,-0.205860930495563
3.2,-0.206514861941968
3.20125,-0.207172276424578
3.2025,-0.20783319706513
3.20375,-0.208497647174815
3.205,-0.209165650256138
3.20625,-0.209837230004753
3.2075,-0.210512410311356
3.20875,-0.211191215263604
3.21,-0.211873669148016
3.21125,-0.21255979645194
3.2125,-0.213249621865518
3.21375,-0.213943170283669
3.215,-0.214640466808113
3.21625,-0.215341536749402
3.2175,-0.216046405628989
3.21875,-0.216755099181296
3.22,-0.217467643355834
3.22125,-0.218184064319329
3.2225,-0.218904388457874
3.22375,-0.219628642379117
3.225,-0.220356852914459
3.22625,-0.221089047121283
3.2275,-0.221825252285212
3.22875,-0.222565495922393
3.23,-0.223309805781794
3.23125,-0.224058209847551
3.2325,-0.224810736341322
3.23375,-0.225567413724668
3.235,-0.226328270701488
3.23625,-0.227093336220436
3.2375,-0.227862639477413
3.23875,-0.228636209918068
3.24,-0.22941407724031
3.24125,-0.230196271396881
3.2425,-0.230982822597941
3.24375,-0.23177376131369
3.245,-0.232569118277005
3.24625,-0.233368924486143
3.2475,-0.234173211207426
3.24875,-0.234982009978005
3.25,-0.235795352608628
3.25125,-0.236613271186451
3.2525,-0.23743579807787
3.25375,-0.238262965931418
3.255,-0.23909480768065
3.25625,-0.239931356547097
3.2575,-0.240772646043249
3.25875,-0.241618709975564
3.26,-0.242469582447517
3.26125,-0.243325297862685
3.2625,-0.244185890927877
3.26375,-0.245051396656288
3.265,-0.245921850370696
3.26625,-0.246797287706699
3.2675,-0.247677744615998
3.26875,-0.248563257369703
3.27,-0.249453862561688
3.27125,-0.250349597111988
3.2725,-0.251250498270231
3.27375,-0.25215660361913
3.275,-0.253067951077975
3.27625,-0.253984578906225
3.2775,-0.254906525707094
3.27875,-0.255833830431204
3.28,-0.256766532380286
3.28125,-0.257704671210904
3.2825,-0.25864828693826
3.28375,-0.259597419940007
3.285,-0.260552110960135
3.28625,-0.261512401112895
3.2875,-0.262478331886771
3.28875,-0.263449945148506
3.29,-0.264427283147167
3.29125,-0.265410388518276
3.2925,-0.266399304287983
3.29375,-0.267394073877282
3.295,-0.268394741106294
3.29625,-0.269401350198605
3.2975,-0.270413945785633
3.29875,-0.271432572911084
3.3,-0.272457277035449
3.30125,-0.273488104040523
3.3025,-0.274525100234063
3.30375,-0.275568312354406
3.305,-0.276617787575227
3.30625,-0.277673573510301
3.3075,-0.278735718218365
3.30875,-0.279804270208005
3.31,-0.280879278442636
3.31125,-0.281960792345531
3.3125,-0.283048861804905
3.31375,-0.284143537179084
3.315,-0.285244869301726
3.31625,-0.286352909487113
3.3175,-0.287467709535501
3.31875,-0.288589321738556
3.32,-0.28971779888485
3.32125,-0.290853194265417
3.3225,-0.29199556167941
3.32375,-0.293144955439787
3.325,-0.294301430379117
3.32625,-0.29546504185543
3.3275,-0.296635845758146
3.32875,-0.297813898514093
3.33,-0.298999257093597
3.33125,-0.300191979016652
3.3325,-0.301392122359154
3.33375,-0.302599745759251
3.335,-0.303814908423738
3.33625,-0.305037670134568
3.3375,-0.306268091255421
3.33875,-0.307506232738379
3.34,-0.308752156130675
3.34125,-0.310005923581549
3.3425,-0.311267597849166
3.34375,-0.312537242307649
3.345,-0.3138149209542
3.34625,-0.315100698416311
3.3475,-0.316394639959066
3.34875,-0.317696811492557
3.35,-0.319007279579377
3.35125,-0.320326111442232
3.3525,-0.321653374971642
3.35375,-0.322989138733743
3.355,-0.324333471978216
3.35625,-0.325686444646293
3.3575,-0.327048127378882
3.35875,-0.328418591524804
3.36,-0.329797909149157
3.36125,-0.331186153041744
3.3625,-0.332583396725672
3.36375,-0.333989714466031
3.365,-0.335405181278703
3.36625,-0.33682987293929
3.3675,-0.338263865992159
3.36875,-0.33970723775962
3.37,-0.341160066351221
3.37125,-0.34262243067317
3.3725,-0.344094410437886
3.37375,-0.345576086173692
3.375,-0.347067539234623
3.37625,-0.348568851810389
3.3775,-0.350080106936447
3.37875,-0.351601388504255
3.38,-0.353132781271622
3.38125,-0.354674370873228
3.3825,-0.35622624383129
3.38375,-0.357788487566358
3.385,-0.359361190408297
3.38625,-0.360944441607363
3.3875,-0.362538331345505
3.38875,-0.364142950747765
3.39,-0.365758391893884
3.39125,-0.36738474783002
3.3925,-0.369022112580691
3.39375,-0.370670581160844
3.395,-0.372330249588094
3.39625,-0.374001214895162
3.3975,-0.375683575142473
3.39875,-0.377377429430926
3.4,-0.37908287791487
3.40125,-0.380800021815228
3.4025,-0.382528963432845
3.40375,-0.384269806162003
3.405,-0.386022654504137
3.40625,-0.387787614081753
3.4075,-0.389564791652525
3.40875,-0.391354295123623
3.41,-0.393156233566233
3.41125,-0.394970717230276
3.4125,-0.396797857559368
3.41375,-0.398637767205958
3.415,-0.40049056004672
3.41625,-0.402356351198159
3.4175,-0.404235257032427
3.41875,-0.406127395193392
3.42,-0.408032884612927
3.42125,-0.409951845527448
3.4225,-0.41188439949468
3.42375,-0.413830669410685
3.425,-0.415790779527127
3.42625,-0.417764855468801
3.4275,-0.419753024251416
3.42875,-0.421755414299632
3.43,-0.423772155465385
3.43125,-0.425803379046466
3.4325,-0.42784921780538
3.43375,-0.429909805988487
3.435,-0.431985279345425
3.43625,-0.434075775148837
3.4375,-0.436181432214362
3.43875,-0.438302390920966
3.44,-0.440438793231542
3.44125,-0.442590782713839
3.4425,-0.444758504561703
3.44375,-0.446942105616631
3.445,-0.449141734389668
3.44625,-0.451357541083606
3.4475,-0.45358967761556
3.44875,-0.455838297639831
3.45,-0.45810355657119
3.45125,-0.460385611608441
3.4525,-0.4626846217584
3.45375,-0.465000747860213
3.455,-0.467334152610045
3.45625,-0.469685000586172
3.4575,-0.472053458274435
3.45875,-0.47443969409408
3.46,-0.476843878424032
3.46125,-0.479266183629547
3.4625,-0.481706784089263
3.46375,-0.484165856222716
3.465,-0.486643578518244
3.46625,-0.489140131561334
3.4675,-0.491655698063428
3.46875,-0.494190462891148
3.47,-0.496744613096016
3.47125,-0.499318337944603
3.4725,-0.501911828949173
3.47375,-0.504525279898809
3.475,-0.507158886891015
3.47625,-0.509812848363827
3.4775,-0.512487365128434
3.47875,-0.515182640402305
3.48,-0.517898879842856
3.48125,-0.520636291581634
3.4825,-0.523395086259067
3.48375,-0.526175477059741
3.485,-0.528977679748267
3.48625,-0.531801912705704
3.4875,-0.534648396966573
3.48875,-0.53751735625647
3.49,-0.540409017030272
3.49125,-0.543323608510972
3.4925,-0.54626136272912
3.49375,-0.549222514562936
3.495,-0.552207301779045
3.49625,-0.555215965073869
3.4975,-0.55824874811573
3.49875,-0.561305897587581
3.5,-0.564387663230498
3.50125,-0.567494297887826
3.5025,-0.57062605755009
3.50375,-0.573783201400615
3.505,-0.576965991861911
3.50625,-0.580174694642822
3.5075,-0.583409578786433
3.50875,-0.586670916718796
3.51,-0.589958984298447
3.51125,-0.593274060866743
3.5125,-0.596616429299042
3.51375,-0.599986376056729
3.515,-0.60338419124011
3.51625,-0.606810168642196
3.5175,-0.61026460580337
3.51875,-0.613747804067008
3.52,-0.617260068635967
3.52125,-0.620801708630093
3.5225,-0.624373037144669
3.52375,-0.627974371309827
3.525,-0.631606032351002
3.52625,-0.635268345650399
3.5275,-0.63896164080948
3.52875,-0.642686251712553
3.53,-0.646442516591403
3.53125,-0.650230778091058
3.5325,-0.654051383336667
3.53375,-0.657904684001503
3.535,-0.661791036376189
3.53625,-0.665710801439029
3.5375,-0.669664344927637
3.53875,-0.673652037411743
3.54,-0.677674254367274
3.54125,-0.681731376251729
3.5425,-0.685823788580832
3.54375,-0.689951882006546
3.545,-0.694116052396445
3.54625,-0.698316700914425
3.5475,-0.702554234102889
3.54875,-0.706829063966323
3.55,-0.711141608056336
3.55125,-0.715492289558254
3.5525,-0.71988153737913
3.55375,-0.724309786237423
3.555,-0.728777476754167
3.55625,-0.733285055545792
3.5575,-0.737832975318613
3.55875,-0.742421694964933
3.56,-0.747051679660912
3.56125,-0.751723400966143
3.5625,-0.756437336925043
3.56375,-0.761193972170008
3.565,-0.765993798026445
3.56625,-0.770837312619699
3.5675,-0.775725020983869
3.56875,-0.780657435172599
3.57,-0.785635074371885
3.57125,-0.790658465014888
3.5725,-0.795728140898848
3.57375,-0.800844643304108
3.575,-0.806008521115308
3.57625,-0.811220330944784
3.5775,-0.816480637258203
3.57875,-0.821790012502493
3.58,-0.827149037236168
3.58125,-0.832558300261946
3.5825,-0.838018398761895
3.58375,-0.843529938434995
3.585,-0.849093533637288
3.58625,-0.854709807524585
3.5875,-0.860379392197824
3.58875,-0.866102928851107
3.59,-0.87188106792252
3.59125,-0.877714469247715
3.5925,-0.88360380221639
3.59375,-0.889549745931655
3.595,-0.895552989372428
3.59625,-0.901614231558811
3.5975,-0.907734181720609
3.59875,-0.913913559469038
3.6,-0.92015309497159
3.60125,-0.926453529130299
3.6025,-0.932815613763288
3.60375,-0.939240111789798
3.605,-0.945727797418743
3.60625,-0.952279456340807
3.6075,-0.958895885924228
3.60875,-0.965577895414297
3.61,-0.972326306136696
3.61125,-0.97914195170473
3.6125,-0.986025678230469
3.61375,-0.99297834454005
3.615,-1.00000082239306
3.61625,-1.00709399670614
3.6175,-1.01425876578097
3.61875,-1.02149604153659
3.62,-1.02880674974633
3.62125,-1.03619183027922
3.6225,-1.04365223734617
3.62375,-1.05118893975101
3.625,-1.0588029211463
3.62625,-1.06649518029422
3.6275,-1.07426673133263
3.62875,-1.08211860404626
3.63,-1.09005184414328
3.63125,-1.09806751353734
3.6325,-1.10616669063518
3.63375,-1.1143504706299
3.635,-1.12261996580011
3.63625,-1.13097630581495
3.6375,-1.13942063804525
3.63875,-1.14795412788082
3.64,-1.15657795905422
3.64125,-1.16529333397085
3.6425,-1.17410147404577
3.64375,-1.18300362004726
3.645,-1.19200103244727
3.64625,-1.20109499177906
3.6475,-1.21028679900188
3.64875,-1.21957777587324
3.65,-1.22896926532858
3.65125,-1.23846263186876
3.6525,-1.24805926195544
3.65375,-1.25776056441446
3.655,-1.26756797084758
3.65625,-1.2774829360526
3.6575,-1.28750693845211
3.65875,-1.29764148053113
3.66,-1.30788808928369
3.66125,-1.31824831666872
3.6625,-1.32872374007538
3.66375,-1.339315962798
3.665,-1.35002661452096
3.66625,-1.36085735181366
3.6675,-1.37180985863581
3.66875,-1.38288584685336
3.67,-1.39408705676523
3.67125,-1.4054152576411
3.6725,-1.41687224827058
3.67375,-1.42845985752395
3.675,-1.44017994492482
3.67625,-1.45203440123489
3.6775,-1.46402514905125
3.67875,-1.47615414341626
3.68,-1.48842337244064
3.68125,-1.50083485793984
3.6825,-1.51339065608404
3.68375,-1.52609285806225
3.685,-1.53894359076061
3.68625,-1.55194501745554
3.6875,-1.56509933852178
3.68875,-1.57840879215594
3.69,-1.59187565511577
3.69125,-1.60550224347563
3.6925,-1.61929091339848
3.69375,-1.63324406192497
3.695,-1.64736412777974
3.69625,-1.66165359219574
3.6975,-1.67611497975668
3.69875,-1.69075085925831
3.7,-1.7055638445889
3.70125,-1.72055659562933
3.7025,-1.73573181917353
3.70375,-1.75109226986948
3.705,-1.76664075118158
3.70625,-1.78238011637479
3.7075,-1.79831326952101
3.70875,-1.81444316652864
3.71,-1.83077281619552
3.71125,-1.84730528128603
3.7125,-1.86404367963316
3.71375,-1.88099118526589
3.715,-1.8981510295628
3.71625,-1.91552650243256
3.7175,-1.933120953522
3.71875,-1.95093779345249
3.72,-1.96898049508549
3.72125,-1.98725259481803
3.7225,-2.00575769390894
3.72375,-2.02449945983668
3.725,-2.04348162768976
3.72625,-2.06270800159053
3.7275,-2.08218245615336
3.72875,-2.10190893797832
3.73,-2.1218914671811
3.73125,-2.14213413896058
3.7325,-2.16264112520481
3.73375,-2.18341667613685
3.735,-2.20446512200143
3.73625,-2.22579087479382
3.7375,-2.24739843003203
3.73875,-2.26929236857384
3.74,-2.29147735847988
3.74125,-2.31395815692439
3.7425,-2.33673961215486
3.74375,-2.35982666550243
3.745,-2.38322435344444
3.74625,-2.40693780972085
3.7475,-2.43097226750641
3.74875,-2.45533306164022
3.75,-2.48002563091463
3.75125,-2.50505552042573
3.7525,-2.53042838398687
3.75375,-2.55614998660824
3.755,-2.58222620704385
3.75625,-2.60866304040902
3.7575,-2.63546660087037
3.75875,-2.66264312441105
3.76,-2.69019897167397
3.76125,-2.71814063088557
3.7625,-2.74647472086347
3.76375,-2.77520799411077
3.765,-2.80434734000025
3.76625,-2.83389978805217
3.7675,-2.86387251130866
3.76875,-2.89427282980901
3.77,-2.92510821416949
3.77125,-2.95638628927152
3.7725,-2.98811483806322
3.77375,-3.02030180547806
3.775,-3.05295530247597
3.77625,-3.08608361021164
3.7775,-3.11969518433516
3.77875,-3.15379865943104
3.78,-3.18840285360075
3.78125,-3.22351677319549
3.7825,-3.2591496177055
3.78375,-3.29531078481253
3.785,-3.33200987561315
3.78625,-3.36925670001987
3.7875,-3.40706128234881
3.78875,-3.44543386710195
3.79,-3.48438492495291
3.79125,-3.52392515894605
3.7925,-3.56406551091885
3.79375,-3.6048171681578
3.795,-3.64619157029979
3.79625,-3.68820041649007
3.7975,-3.73085567281011
3.79875,-3.77416957998846
3.8,-3.81815466140859
3.80125,-3.86282373142935
3.8025,-3.90818990403351
3.80375,-3.95426660182159
3.805,-4.00106756536929
3.80625,-4.04860686296717
3.8075,-4.09689890076385
3.80875,-4.1459584333334
3.81,-4.19580057469119
3.81125,-4.24644080978232
3.8125,-4.2978950064687
3.81375,-4.35017942804369
3.815,-4.40331074630322
3.81625,-4.45730605520622
3.8175,-4.51218288515822
3.81875,-4.56795921795415
3.82,-4.62465350242045
3.82125,-4.68228467079712
3.8225,-4.74087215590517
3.82375,-4.80043590914732
3.825,-4.86099641939276
3.82625,-4.92257473280193
3.8275,-4.98519247364949
3.82875,-5.04887186620973
3.83,-5.11363575777237
3.83125,-5.17950764286169
3.8325,-5.24651168873867
3.83375,-5.3146727622707
3.835,-5.38401645826003
3.83625,-5.45456912933096
3.8375,-5.5263579174805
3.83875,-5.59941078740917
3.84,-5.67375656175587
3.84125,-5.74942495837016
3.8425,-5.82644662976956
3.84375,-5.90485320493772
3.845,-5.9846773336355
3.84625,-6.06595273341074
3.8475,-6.14871423950694
3.84875,-6.23299785789226
3.85,-6.31884082164491
3.85125,-6.40628165095701
3.8525,-6.49536021703903
3.85375,-6.58611781023396
3.855,-6.67859721268074
3.85625,-6.77284277589476
3.8575,-6.86890050367186
3.85875,-6.9668181407596
3.86,-7.06664526778231
3.86125,-7.16843340295741
3.8625,-7.27223611119073
3.86375,-7.37810912120201
3.865,-7.486110451397
3.86625,-7.5963005452775
3.8675,-7.70874241726757
3.86875,-7.82350180992517
3.87,-7.94064736361872
3.87125,-8.06025079986648
3.8725,-8.18238711967122
3.87375,-8.3071348183401
3.875,-8.43457611845015
3.87625,-8.56479722281834
3.8775,-8.69788858956361
3.87875,-8.83394523159939
3.88,-8.97306704319535
3.88125,-9.11535915657874
3.8825,-9.26093233193444
3.88375,-9.409903384609
3.885,-9.56239565383452
3.88625,-9.7185395178875
3.8875,-9.87847296128412
3.88875,-10.0423422004177
3.89,-10.2103023749835
3.89125,-10.3825183136299
3.8925,-10.5591653835679
3.89375,-10.740430435386
3.895,-10.9265128561138
3.89625,-11.1176257457114
3.8975,-11.3139972346916
3.89875,-11.5158719636227
3.9,-11.7235127488956
3.90125,-11.9372024635267
3.9025,-12.1572461670903
3.90375,-12.3839735253272
3.905,-12.61774156789
3.90625,-12.8589378423893
3.9075,-13.1079840348998
3.90875,-13.3653401419946
3.91,-13.6315092979912
3.91125,-13.9070433845285
3.9125,-14.1925495792491
3.91375,-14.4886980381814
3.915,-14.7962309550117
3.91625,-15.1159733033538
3.9175,-15.4488456503061
3.91875,-15.7958795378796
3.92,-16.1582360729834
3.92125,-16.5372285603787
3.9225,-16.9343502763491
3.92375,-17.3513088430527
3.925,-17.7900691681885
3.92625,-18.2529076274004
3.9275,-18.7424811887709
3.92875,-19.2619166674499
3.93,-19.8149275052415
3.93125,-20.4059688031262
3.9325,-21.0404464722644
3.93375,-21.7250044621491
3.935,-22.4679270715346
3.93625,-23.279714891004
3.9375,-24.1739293460613
3.93875,-25.1684636257956
3.94,-26.2875070564972
3.94125,-27.5646550921239
3.9425,-29.0478849185133
3.94375,-30.8071866191747
3.945,-32.943064468503
3.94625,-35.5704611468852
3.9475,-38.5765589830276
3.94875,-40.3578570417546
3.95,-38.6325916163075
3.95125,-35.6340531938927
3.9525,-33.0053170306492
3.95375,-30.8695427440478
3.955,-29.1122945705759
3.95625,-27.6325284942363
3.9575,-26.3598022095639
3.95875,-25.2458373227773
3.96,-24.2568420361752
3.96125,-23.3684965619563
3.9625,-22.5628185097064
3.96375,-21.8261836302114
3.965,-21.1480458245546
3.96625,-20.5200869607109
3.9675,-19.9356373295112
3.96875,-19.3892709747034
3.97,-18.8765168819792
3.97125,-18.3936487421051
3.9725,-17.9375291581922
3.97375,-17.5054923239756
3.975,-17.0952543760175
3.97625,-16.7048439796886
3.9775,-16.3325479305635
3.97875,-15.9768680512393
3.98,-15.6364866918611
3.98125,-15.3102388596716
3.9825,-14.997089510454
3.98375,-14.6961148989435
3.985,-14.4064871500007
3.98625,-14.1274614070659
3.9875,-13.8583650592062
3.98875,-13.5985886568851
3.99,-13.3475782091407
3.99125,-13.104828618051
3.9925,-12.8698780551762
3.99375,-12.6423031226357
3.995,-12.4217146712648
3.99625,-12.2077541718125
3.9975,-12.0000905538348
3.99875,-11.798417441903
4,-11.6024507307768
4.00125,-11.4119264509432
4.0025,-11.2265988838491
4.00375,-11.0462388926402
4.005,-10.8706324395574
4.00625,-10.6995792655343
4.0075,-10.5328917112014
4.00875,-10.370393661541
4.01,-10.2119195989797
4.01125,-10.0573137518441
4.0125,-9.90642932690721
4.01375,-9.7591278162712
4.015,-9.61527837013098
4.01625,-9.47475722805674
4.0175,-9.33744720237901
4.01875,-9.2032372080631
4.02,-9.07202183414928
4.02125,-8.94370095243666
4.0225,-8.81817935959816
4.02375,-8.69536644936395
4.025,-8.57517591179753
4.02625,-8.45752545702419
4.0275,-8.34233656106909
4.02875,-8.22953423171657
4.03,-8.11904679253018
4.03125,-8.01080568337069
4.0325,-7.90474527592238
4.03375,-7.80080270289502
4.035,-7.69891769970089
4.03625,-7.59903245753006
4.0375,-7.50109148685251
4.03875,-7.40504149046993
4.04,-7.31083124532645
4.04125,-7.21841149236027
4.0425,-7.12773483374812
4.04375,-7.03875563695262
4.045,-6.95142994503717
4.04625,-6.86571539276199
4.0475,-6.78157112801678
4.04875,-6.69895773818634
4.05,-6.61783718107942
4.05125,-6.53817272008336
4.0525,-6.4599288632352
4.05375,-6.3830713059275
4.055,-6.30756687698753
4.05625,-6.23338348789361
4.0575,-6.1604900849084
4.05875,-6.08885660392821
4.06,-6.01845392786361
4.06125,-5.94925384637943
4.0625,-5.88122901783799
4.06375,-5.81435293329898
4.065,-5.74859988244228
4.06625,-5.68394492128982
4.0675,-5.6203638416105
4.06875,-5.55783314190274
4.07,-5.49632999985547
4.07125,-5.43583224619584
4.0725,-5.37631833983913
4.07375,-5.31776734426147
4.075,-5.2601589050222
4.07625,-5.20347322836747
4.0775,-5.14769106085112
4.07875,-5.09279366991466
4.08,-5.03876282536941
4.08125,-4.98558078173104
4.0825,-4.93323026135713
4.08375,-4.88169443834311
4.085,-4.83095692313507
4.08625,-4.78100174781933
4.0875,-4.73181335205268
4.08875,-4.68337656959846
4.09,-4.63567661543613
4.09125,-4.58869907341456
4.0925,-4.54242988442019
4.09375,-4.4968553350334
4.095,-4.45196204664861
4.09625,-4.40773696503376
4.0975,-4.36416735030804
4.09875,-4.32124076731614
4.1,-4.27894507638001
4.10125,-4.23726842440979
4.1025,-4.19619923635588
4.10375,-4.15572620698671
4.105,-4.115838292976
4.10625,-4.07652470528525
4.1075,-4.03777490182792
4.10875,-3.99957858040186
4.11,-3.96192567187812
4.11125,-3.92480633363437
4.1125,-3.88821094322179
4.11375,-3.85213009225561
4.115,-3.81655458051858
4.11625,-3.78147541026907
4.1175,-3.74688378074417
4.11875,-3.71277108284973
4.12,-3.6791288940297
4.12125,-3.64594897330648
4.1225,-3.61322325648614
4.12375,-3.58094385152078
4.125,-3.54910303402212
4.12625,-3.51769324292022
4.1275,-3.48670707626106
4.12875,-3.45613728713804
4.13,-3.42597677975157
4.13125,-3.396218605592
4.1325,-3.36685595974125
4.13375,-3.33788217728808
4.135,-3.30929072985335
4.13625,-3.28107522222046
4.1375,-3.25322938906731
4.13875,-3.22574709179629
4.14,-3.19862231545807
4.14125,-3.17184916576617
4.1425,-3.14542186619914
4.14375,-3.11933475518667
4.145,-3.09358228337724
4.14625,-3.06815901098403
4.1475,-3.04305960520635
4.14875,-3.0182788377243
4.15,-2.99381158226371
4.15125,-2.96965281222922
4.1525,-2.94579759840309
4.15375,-2.92224110670746
4.155,-2.89897859602815
4.15625,-2.87600541609761
4.1575,-2.85331700543548
4.15875,-2.83090888934448
4.16,-2.80877667796003
4.16125,-2.78691606435198
4.1625,-2.7653228226764
4.16375,-2.74399280637638
4.165,-2.72292194642965
4.16625,-2.70210624964211
4.1675,-2.68154179698556
4.16875,-2.66122474197825
4.17,-2.64115130910705
4.17125,-2.62131779228995
4.1725,-2.60172055337744
4.17375,-2.58235602069204
4.175,-2.56322068760436
4.17625,-2.54431111114491
4.1775,-2.52562391065056
4.17875,-2.5071557664444
4.18,-2.48890341854839
4.18125,-2.47086366542759
4.1825,-2.45303336276501
4.18375,-2.4354094222665
4.185,-2.41798881049447
4.18625,-2.40076854772989
4.1875,-2.38374570686162
4.18875,-2.36691741230227
4.19,-2.35028083893007
4.19125,-2.33383321105575
4.1925,-2.31757180141392
4.19375,-2.30149393017824
4.195,-2.28559696399959
4.19625,-2.26987831506692
4.1975,-2.25433544018982
4.19875,-2.2389658399024
4.2,-2.22376705758802
4.20125,-2.20873667862396
4.2025,-2.19387232954594
4.20375,-2.17917167723155
4.205,-2.16463242810249
4.20625,-2.1502523273447
4.2075,-2.13602915814631
4.20875,-2.12196074095271
4.21,-2.10804493273831
4.21125,-2.09427962629472
4.2125,-2.08066274953469
4.21375,-2.06719226481163
4.215,-2.05386616825419
4.21625,-2.0406824891155
4.2175,-2.02763928913682
4.21875,-2.01473466192513
4.22,-2.00196673234432
4.22125,-1.98933365591971
4.2225,-1.97683361825547
4.22375,-1.96446483446475
4.225,-1.95222554861206
4.22625,-1.9401140331677
4.2275,-1.9281285884739
4.22875,-1.91626754222248
4.23,-1.90452924894346
4.23125,-1.89291208950488
4.2325,-1.88141447062294
4.23375,-1.8700348243827
4.235,-1.85877160776883
4.23625,-1.84762330220626
4.2375,-1.8365884131105
4.23875,-1.82566546944732
4.24,-1.81485302330169
4.24125,-1.80414964945564
4.2425,-1.79355394497492
4.24375,-1.78306452880425
4.245,-1.77268004137085
4.24625,-1.76239914419622
4.2475,-1.75222051951587
4.24875,-1.74214286990678
4.25,-1.73216491792264
4.25125,-1.72228540573629
4.2525,-1.71250309478967
4.25375,-1.7028167654507
4.255,-1.69322521667717
4.25625,-1.68372726568742
4.2575,-1.67432174763761
4.25875,-1.6650075153055
4.26,-1.65578343878058
4.26125,-1.6466484051603
4.2625,-1.6376013182525
4.26375,-1.62864109828359
4.265,-1.61976668161265
4.26625,-1.61097702045115
4.2675,-1.60227108258811
4.26875,-1.5936478511208
4.27,-1.5851063241907
4.27125,-1.57664551472453
4.2725,-1.56826445018047
4.27375,-1.55996217229926
4.275,-1.55173773686014
4.27625,-1.54359021344159
4.2775,-1.53551868518659
4.27875,-1.52752224857252
4.28,-1.51960001318545
4.28125,-1.51175110149874
4.2825,-1.50397464865595
4.28375,-1.49626980225786
4.285,-1.48863572215354
4.28625,-1.48107158023548
4.2875,-1.4735765602385
4.28875,-1.46614985754259
4.29,-1.45879067897937
4.29125,-1.4514982426423
4.2925,-1.44427177770038
4.29375,-1.43711052421543
4.295,-1.43001373296274
4.29625,-1.42298066525504
4.2975,-1.41601059276992
4.29875,-1.40910279738025
4.3,-1.40225657098789
4.30125,-1.39547121536047
4.3025,-1.3887460419711
4.30375,-1.38208037184118
4.305,-1.37547353538597
4.30625,-1.36892487226309
4.3075,-1.36243373122377
4.30875,-1.3559994699668
4.31,-1.34962145499516
4.31125,-1.34329906147532
4.3125,-1.33703167309896
4.31375,-1.33081868194738
4.315,-1.3246594883582
4.31625,-1.31855350079455
4.3175,-1.31250013571667
4.31875,-1.30649881745564
4.32,-1.30054897808961
4.32125,-1.29465005732205
4.3225,-1.28880150236228
4.32375,-1.28300276780813
4.325,-1.27725331553063
4.32625,-1.27155261456081
4.3275,-1.26590014097846
4.32875,-1.26029537780289
4.33,-1.2547378148856
4.33125,-1.24922694880486
4.3325,-1.2437622827621
4.33375,-1.23834332648018
4.335,-1.23296959610338
4.33625,-1.2276406140992
4.3375,-1.22235590916179
4.33875,-1.21711501611713
4.34,-1.21191747582986
4.34125,-1.20676283511164
4.3425,-1.20165064663119
4.34375,-1.19658046882585
4.345,-1.19155186581463
4.34625,-1.18656440731279
4.3475,-1.18161766854788
4.34875,-1.17671123017721
4.35,-1.17184467820673
4.35125,-1.16701760391131
4.3525,-1.16222960375634
4.35375,-1.1574802793207
4.355,-1.15276923722099
4.35625,-1.14809608903711
4.3575,-1.14346045123902
4.35875,-1.13886194511479
4.36,-1.1343001966998
4.36125,-1.12977483670722
4.3625,-1.12528550045956
4.36375,-1.12083182782141
4.365,-1.11641346313332
4.36625,-1.11203005514669
4.3675,-1.10768125695988
4.36875,-1.10336672595524
4.37,-1.09908612373732
4.37125,-1.09483911607195
4.3725,-1.09062537282644
4.37375,-1.08644456791074
4.375,-1.08229637921949
4.37625,-1.07818048857515
4.3775,-1.07409658167194
4.37875,-1.07004434802078
4.38,-1.06602348089503
4.38125,-1.06203367727725
4.3825,-1.05807463780669
4.38375,-1.05414606672772
4.385,-1.05024767183902
4.38625,-1.04637916444366
4.3875,-1.04254025929997
4.38875,-1.03873067457313
4.39,-1.03495013178764
4.39125,-1.03119835578044
4.3925,-1.02747507465492
4.39375,-1.0237800197355
4.395,-1.02011292552307
4.39625,-1.01647352965106
4.3975,-1.0128615728422
4.39875,-1.00927679886608
4.4,-1.00571895449717
4.40125,-1.00218778947375
4.4025,-0.998683056457259
4.40375,-0.995204510992442
4.405,-0.991751911468055
4.40625,-0.988325019078174
4.4075,-0.984923597784142
4.40875,-0.9815474142771
4.41,-0.978196237941085
4.41125,-0.97486984081671
4.4125,-0.971567997565433
4.41375,-0.968290485434311
4.415,-0.965037084221382
4.41625,-0.961807576241518
4.4175,-0.958601746292837
4.41875,-0.955419381623614
4.42,-0.9522602718997
4.42125,-0.949124209172451
4.4225,-0.946010987847134
4.42375,-0.942920404651826
4.425,-0.939852258606789
4.42625,-0.93680635099426
4.4275,-0.933782485328802
4.42875,-0.930780467327986
4.43,-0.927800104883612
4.43125,-0.924841208033305
4.4325,-0.921903588932545
4.43375,-0.918987061827161
4.435,-0.916091443026177
4.43625,-0.913216550875109
4.4375,-0.910362205729642
4.43875,-0.90752822992969
4.44,-0.904714447773879
4.44125,-0.901920685494354
4.4425,-0.89914677123202
4.44375,-0.896392535012107
4.445,-0.893657808720098
4.44625,-0.890942426078047
4.4475,-0.888246222621198
4.44875,-0.885569035674989
4.45,-0.882910704332371
4.45125,-0.880271069431455
4.4525,-0.877649973533517
4.45375,-0.875047260901283
4.455,-0.872462777477545
4.45625,-0.869896370864118
4.4575,-0.867347890301056
4.45875,-0.864817186646199
4.46,-0.862304112355009
4.46125,-0.859808521460679
4.4625,-0.857330269554572
4.46375,-0.854869213766901
4.465,-0.852425212747696
4.46625,-0.849998126648056
4.4675,-0.847587817101663
4.46875,-0.845194147206556
4.47,-0.842816981507161
4.47125,-0.840456185976606
4.4725,-0.838111627999249
4.47375,-0.835783176353467
4.475,-0.833470701194705
4.47625,-0.831174074038749
4.4775,-0.828893167745244
4.47875,-0.826627856501419
4.48,-0.824378015806094
4.48125,-0.822143522453847
4.4825,-0.819924254519454
4.48375,-0.81772009134253
4.485,-0.81553091351237
4.48625,-0.813356602853022
4.4875,-0.811197042408565
4.48875,-0.809052116428581
4.49,-0.806921710353834
4.49125,-0.804805710802162
4.4925,-0.802704005554527
4.49375,-0.8006164835413
4.495,-0.798543034828729
4.49625,-0.796483550605543
4.4975,-0.794437923169819
4.49875,-0.792406045915959
4.5,-0.790387813321902
